# model	repo	revision	path	bytes	sha256 (pinned 2026-10-01; regenerate only on purpose)
sam2.1-tiny	onnx-community/sam2.1-hiera-tiny-ONNX	814a066640debee5a91e70aa401fb8e17e030503	onnx/vision_encoder.onnx	354238	4f30aacd3aaefbca81a0b7fe4c1fc96345570ea0a6f80ced599493d1b3be2e8c
sam2.1-tiny	onnx-community/sam2.1-hiera-tiny-ONNX	814a066640debee5a91e70aa401fb8e17e030503	onnx/vision_encoder.onnx_data	134084864	e83df9866a5afe68ea7f0f721f18f65137fc3acbf0da1c74e946d363e09c69cc
sam2.1-tiny	onnx-community/sam2.1-hiera-tiny-ONNX	814a066640debee5a91e70aa401fb8e17e030503	onnx/prompt_encoder_mask_decoder.onnx	213114	874414704c5d686db7d206a35f6e15d26563d50c8c4468fccc6739bd7e491dcf
sam2.1-tiny	onnx-community/sam2.1-hiera-tiny-ONNX	814a066640debee5a91e70aa401fb8e17e030503	onnx/prompt_encoder_mask_decoder.onnx_data	20958208	e9874d900dd4134ed60eab1e97910327c2419e0b2954485d8fd6e7f1a1470f47
sam2.1-tiny	onnx-community/sam2.1-hiera-tiny-ONNX	814a066640debee5a91e70aa401fb8e17e030503	onnx/vision_encoder_fp16.onnx	314925	7773e79d589dada8e1e630cc7eb18b17b2c5b4faeb1eaab5ebf9df618ecbd50a
sam2.1-tiny	onnx-community/sam2.1-hiera-tiny-ONNX	814a066640debee5a91e70aa401fb8e17e030503	onnx/vision_encoder_fp16.onnx_data	67005504	a4dd3759e9b6a476d991fb3493787992e78777e51462695e1bede71ae258103e
sam2.1-tiny	onnx-community/sam2.1-hiera-tiny-ONNX	814a066640debee5a91e70aa401fb8e17e030503	onnx/prompt_encoder_mask_decoder_fp16.onnx	229799	00ac7200451f246e8307aa1a1648113f47dc45625738406403a0e6b86c69fc55
sam2.1-tiny	onnx-community/sam2.1-hiera-tiny-ONNX	814a066640debee5a91e70aa401fb8e17e030503	onnx/prompt_encoder_mask_decoder_fp16.onnx_data	10454016	027b457a53f5bd76bb401c59555448451d04b4eab6d2f6a6758406b40133ee2c
sam2.1-small	onnx-community/sam2.1-hiera-small-ONNX	a7df49d8de14b9d2e4504d1687b0d568f905fd8d	onnx/vision_encoder_fp16.onnx	422501	f236074c31a7ba9d1e00362e8c29cb95bf9dcdd61e208048493902878d9dc4db
sam2.1-small	onnx-community/sam2.1-hiera-small-ONNX	a7df49d8de14b9d2e4504d1687b0d568f905fd8d	onnx/vision_encoder_fp16.onnx_data	81182784	557e013522bace72a6b8441f66747f1c4b2a237d1e3c86f84dba86b6d814ec1f
sam2.1-small	onnx-community/sam2.1-hiera-small-ONNX	a7df49d8de14b9d2e4504d1687b0d568f905fd8d	onnx/prompt_encoder_mask_decoder_fp16.onnx	229799	b36b0f515864220402b18054e37f236e7ef33486a7716fb45d0df17c64332392
sam2.1-small	onnx-community/sam2.1-hiera-small-ONNX	a7df49d8de14b9d2e4504d1687b0d568f905fd8d	onnx/prompt_encoder_mask_decoder_fp16.onnx_data	10454016	33fc89eb7fb87fd638c7232a5bb6f8a1743bd4eee1a4aadca88a141f5b35945f
sam2.1-base-plus	onnx-community/sam2.1-hiera-base-plus-ONNX	bab18593f44e652f04cf18b60b3690f60e8996b0	onnx/vision_encoder_fp16.onnx	643078	cb9324a431bfb78c70e4ead1ffb80766e236b50decd55c236c8eada4f0afde96
sam2.1-base-plus	onnx-community/sam2.1-hiera-base-plus-ONNX	bab18593f44e652f04cf18b60b3690f60e8996b0	onnx/vision_encoder_fp16.onnx_data	152780640	78be422d399181ce3af00130409ebe32eb5b95825e7fe290440fbfaac70b99b4
sam2.1-base-plus	onnx-community/sam2.1-hiera-base-plus-ONNX	bab18593f44e652f04cf18b60b3690f60e8996b0	onnx/prompt_encoder_mask_decoder_fp16.onnx	229799	3c303a6ee7359bfd56dd767f69ce46948d0ce47465ad0396281d533dca3bc422
sam2.1-base-plus	onnx-community/sam2.1-hiera-base-plus-ONNX	bab18593f44e652f04cf18b60b3690f60e8996b0	onnx/prompt_encoder_mask_decoder_fp16.onnx_data	10454016	5f49783081ae45a100b62931ae02f362fd15702abf6a51e993353bc3a92618c0
birefnet	onnx-community/BiRefNet-ONNX	534d3c82d3bb8b2f0867db6dfbc3a525b8e42f67	onnx/model_fp16.onnx	489666272	3654c741eb80bd926ada8fed1713b506ccf8d30eb1f6487e87eb9f234f33df09
birefnet-dynamic	onnx-community/BiRefNet_dynamic-1024x1024-ONNX	6defd3a19cec21042b178108815c9c4508d09867	onnx/model_fp16.onnx	489811221	ee32f829fbf050fd501e53ed330369a71a0cbc69b9ab574da13d18ecbfa93dca
birefnet-lite	onnx-community/BiRefNet_lite-ONNX	de15b22ba131738a16dff04aab8bdf8dc32e3ac1	onnx/model_fp16.onnx	114538221	d39b897ceb16ae654c1731f3dba0cf9b368d9cae74b5a57459b455cc8bfec402
sam3	wkentaro/sam3-onnx-models-v0.3.0	895f3980b24a88249898cbe5a44571b15dec2a7f	LICENSE	7353	4dea99bfaa016e21bc860d73f344236bd1e5c4977d1a9a8fd32f822b500ae1be
sam3	wkentaro/sam3-onnx-models-v0.3.0	895f3980b24a88249898cbe5a44571b15dec2a7f	sam3_image_encoder.onnx	2505504	c6f3769e9d42573806c34b663d6100b3827a4c0ecba6f45dbf39b8f3906be725
sam3	wkentaro/sam3-onnx-models-v0.3.0	895f3980b24a88249898cbe5a44571b15dec2a7f	sam3_image_encoder.onnx.data	1828519936	03bd50b0703e2b04e2193ca831b7f9d5ecf40bc5287cc59b1970f56ab800c995
sam3	wkentaro/sam3-onnx-models-v0.3.0	895f3980b24a88249898cbe5a44571b15dec2a7f	sam3_language_encoder.onnx	1394799	b3b465935c9bf4cf5efd950589741f3da5eec9e9bfe459576989cbe565331b53
sam3	wkentaro/sam3-onnx-models-v0.3.0	895f3980b24a88249898cbe5a44571b15dec2a7f	sam3_language_encoder.onnx.data	1615200256	1b03dabc657c1f2887d1b8ce2a3537467d4c033ea1f8c8be141fbca55e4b95f7
sam3	wkentaro/sam3-onnx-models-v0.3.0	895f3980b24a88249898cbe5a44571b15dec2a7f	sam3_decoder.onnx	129855861	bbc216dbf3de4742f692c2a0a0fd215ea8957956002a05f28150040a88b5dc1a
grounding-dino-tiny	onnx-community/grounding-dino-tiny-ONNX	ff690b0a8050566c290287545bd059350f3e9096	onnx/model_fp16.onnx	360393267	04c18d2db35569f11c47732f2e05ed3a71559a8903823fc581e90b0e3168c9ff
vitmatte-small	Xenova/vitmatte-small-composition-1k	6bc1297f6140f055a227b6d2cfe8c093281f35d2	onnx/model.onnx	103885865	bf28d2e0be2c073286e88d60ad649d7123da2749a2d99133fd1098d5887e0225
